<?xml version='1.0' encoding='UTF-8'?>
<root version="2.3.8">
 <tabbed_widget parent="main_window" name="Main Window">
  <plotmatrix rows="3" columns="2" tab_name="plot">
   <plot row="0" col="0">
    <range left="86.169323" right="96.168960" bottom="-0.246024" top="10.056570"/>
    <limitY/>
    <curve G="201" B="56" custom_transform="noTransform" R="26" name="/zed/zed_node/imu/data/linear_acceleration/x"/>
    <curve G="127" B="14" custom_transform="noTransform" R="255" name="/zed/zed_node/imu/data/linear_acceleration/y"/>
    <curve G="76" B="193" custom_transform="noTransform" R="241" name="/zed/zed_node/imu/data/linear_acceleration/z"/>
    <transform value="noTransform"/>
   </plot>
   <plot row="1" col="0">
    <range left="86.169323" right="96.168960" bottom="-0.026918" top="1.025039"/>
    <limitY/>
    <curve G="103" B="189" custom_transform="noTransform" R="148" name="/zed/zed_node/imu/data/orientation/w"/>
    <curve G="190" B="207" custom_transform="noTransform" R="23" name="/zed/zed_node/imu/data/orientation/x"/>
    <curve G="189" B="34" custom_transform="noTransform" R="188" name="/zed/zed_node/imu/data/orientation/y"/>
    <curve G="119" B="180" custom_transform="noTransform" R="31" name="/zed/zed_node/imu/data/orientation/z"/>
    <transform value="noTransform"/>
   </plot>
   <plot row="2" col="0">
    <range left="86.149572" right="96.146733" bottom="10.293482" top="10.294217"/>
    <limitY/>
    <curve G="119" B="180" custom_transform="noTransform" R="31" name="/zed/zed_node/atm_press/fluid_pressure"/>
    <transform value="noTransform"/>
   </plot>
   <plot row="0" col="1">
    <range left="86.169323" right="96.168960" bottom="-0.006208" top="0.006010"/>
    <limitY/>
    <curve G="39" B="40" custom_transform="noTransform" R="214" name="/zed/zed_node/imu/data/angular_velocity/x"/>
    <curve G="201" B="56" custom_transform="noTransform" R="26" name="/zed/zed_node/imu/data/angular_velocity/y"/>
    <curve G="127" B="14" custom_transform="noTransform" R="255" name="/zed/zed_node/imu/data/angular_velocity/z"/>
    <transform value="noTransform"/>
   </plot>
   <plot row="1" col="1">
    <range left="86.171792" right="96.166491" bottom="-0.000001" top="0.000003"/>
    <limitY/>
    <curve G="76" B="193" custom_transform="noTransform" R="241" name="/zed/zed_node/imu/mag/magnetic_field/x"/>
    <curve G="103" B="189" custom_transform="noTransform" R="148" name="/zed/zed_node/imu/mag/magnetic_field/y"/>
    <curve G="190" B="207" custom_transform="noTransform" R="23" name="/zed/zed_node/imu/mag/magnetic_field/z"/>
    <transform value="noTransform"/>
   </plot>
   <plot row="2" col="1">
    <range left="86.149572" right="96.168960" bottom="34.354999" top="34.984997"/>
    <limitY/>
    <curve G="189" B="34" custom_transform="noTransform" R="188" name="/zed/zed_node/imu/temperature/temperature"/>
    <curve G="119" B="180" custom_transform="noTransform" R="31" name="/zed/zed_node/temperature/left/temperature"/>
    <curve G="39" B="40" custom_transform="noTransform" R="214" name="/zed/zed_node/temperature/right/temperature"/>
    <transform value="noTransform"/>
   </plot>
  </plotmatrix>
  <currentPlotMatrix index="0"/>
 </tabbed_widget>
 <use_relative_time_offset enabled="1"/>
 <!-- - - - - - - - - - - - - - - -->
 <!-- - - - - - - - - - - - - - - -->
 <Plugins>
  <plugin ID="DataLoad CSV">
   <default time_axis=""/>
  </plugin>
  <plugin ID="DataLoad ROS bags">
   <use_header_stamp value="false"/>
   <use_renaming_rules value="true"/>
   <discard_large_arrays value="true"/>
   <max_array_size value="100"/>
  </plugin>
  <plugin ID="DataLoad ULog"/>
  <plugin ID="ROS Topic Subscriber">
   <use_header_stamp value="true"/>
   <use_renaming_rules value="true"/>
   <discard_large_arrays value="true"/>
   <max_array_size value="100"/>
  </plugin>
  <plugin status="idle" ID="ROS /rosout Visualization"/>
  <plugin status="idle" ID="ROS Topic Re-Publisher"/>
 </Plugins>
 <!-- - - - - - - - - - - - - - - -->
 <previouslyLoaded_Datafiles/>
 <previouslyLoaded_Streamer name="ROS Topic Subscriber"/>
 <!-- - - - - - - - - - - - - - - -->
 <customMathEquations/>
 <snippets/>
 <!-- - - - - - - - - - - - - - - -->
</root>

