<?xml version='1.0' encoding='UTF-8'?>
<root version="2.3.8">
 <tabbed_widget name="Main Window" parent="main_window">
  <plotmatrix columns="2" tab_name="plot" rows="2">
   <plot col="0" row="0">
    <range right="4.602063" bottom="-0.268751" left="0.000000" top="10.051969"/>
    <limitY/>
    <curve G="201" R="26" name="/zed/zed_node/imu/data/linear_acceleration/x" custom_transform="noTransform" B="56"/>
    <curve G="127" R="255" name="/zed/zed_node/imu/data/linear_acceleration/y" custom_transform="noTransform" B="14"/>
    <curve G="76" R="241" name="/zed/zed_node/imu/data/linear_acceleration/z" custom_transform="noTransform" B="193"/>
    <transform value="noTransform"/>
   </plot>
   <plot col="0" row="1">
    <range right="4.602063" bottom="-0.025876" left="0.000000" top="1.025009"/>
    <limitY/>
    <curve G="103" R="148" name="/zed/zed_node/imu/data/orientation/w" custom_transform="noTransform" B="189"/>
    <curve G="190" R="23" name="/zed/zed_node/imu/data/orientation/x" custom_transform="noTransform" B="207"/>
    <curve G="189" R="188" name="/zed/zed_node/imu/data/orientation/y" custom_transform="noTransform" B="34"/>
    <curve G="119" R="31" name="/zed/zed_node/imu/data/orientation/z" custom_transform="noTransform" B="180"/>
    <transform value="noTransform"/>
   </plot>
   <plot col="1" row="0">
    <range right="4.602063" bottom="-0.006110" left="0.000000" top="0.006560"/>
    <limitY/>
    <curve G="39" R="214" name="/zed/zed_node/imu/data/angular_velocity/x" custom_transform="noTransform" B="40"/>
    <curve G="201" R="26" name="/zed/zed_node/imu/data/angular_velocity/y" custom_transform="noTransform" B="56"/>
    <curve G="127" R="255" name="/zed/zed_node/imu/data/angular_velocity/z" custom_transform="noTransform" B="14"/>
    <transform value="noTransform"/>
   </plot>
   <plot col="1" row="1">
    <range right="1.000000" bottom="0.000000" left="0.000000" top="1.000000"/>
    <limitY/>
    <transform value="noTransform"/>
   </plot>
  </plotmatrix>
  <currentPlotMatrix index="0"/>
 </tabbed_widget>
 <use_relative_time_offset enabled="1"/>
 <!-- - - - - - - - - - - - - - - -->
 <!-- - - - - - - - - - - - - - - -->
 <Plugins>
  <plugin ID="DataLoad CSV">
   <default time_axis=""/>
  </plugin>
  <plugin ID="DataLoad ROS bags">
   <use_header_stamp value="false"/>
   <use_renaming_rules value="true"/>
   <discard_large_arrays value="true"/>
   <max_array_size value="100"/>
  </plugin>
  <plugin ID="DataLoad ULog"/>
  <plugin ID="ROS Topic Subscriber">
   <use_header_stamp value="true"/>
   <use_renaming_rules value="true"/>
   <discard_large_arrays value="true"/>
   <max_array_size value="100"/>
  </plugin>
  <plugin ID="ROS /rosout Visualization" status="idle"/>
  <plugin ID="ROS Topic Re-Publisher" status="idle"/>
 </Plugins>
 <!-- - - - - - - - - - - - - - - -->
 <previouslyLoaded_Datafiles/>
 <previouslyLoaded_Streamer name="ROS Topic Subscriber"/>
 <!-- - - - - - - - - - - - - - - -->
 <customMathEquations/>
 <snippets>
  <snippet name="1st_derivative">
   <global>var prevX = 0
var prevY = 0</global>
   <equation>dx = time - prevX
dy = value - prevY
prevX = time
prevY = value

return dy/dx</equation>
  </snippet>
  <snippet name="1st_order_lowpass">
   <global>var prevY = 0
var alpha = 0.1</global>
   <equation>prevY = alpha * value + (1.-alpha) * prevY

return prevY</equation>
  </snippet>
  <snippet name="2D_velocity">
   <global>var prev_x = 0
var prev_y = 0
var prev_t = 0</global>
   <equation>X = $$your_odometry/position/x$$
Y = $$your_odometry/position/y$$

var dist = sqrt( (X-prev_x)*(X-prev_x) + (Y-prev_y)*(Y-prev_y) )
var dT = time - prev_t

prev_x = X
prev_y = Y
prev_t = time

return dist / dT</equation>
  </snippet>
  <snippet name="Orientation_RPY">
   <global>// source: https://en.wikipedia.org/wiki/Conversion_between_quaternions_and_Euler_angles

function quaternionToYaw(x, y, z, w)
{
  // yaw (z-axis rotation)
  t1 = 2.0 * (w * z + x * y);
  t2 = 1.0 - 2.0 * (y * y + z * z);
  yaw = Math.atan2(t1, t2);

  return yaw
}</global>
   <equation>return quaternionToYaw(x, y, z, w);</equation>
  </snippet>
  <snippet name="average_two_curves">
   <global></global>
   <equation>a = $$PLOT_A$$
b = $$PLOT_B$$

return (a+b)/2</equation>
  </snippet>
  <snippet name="integral">
   <global>var integral = 0</global>
   <equation>integral += value
return integral</equation>
  </snippet>
  <snippet name="rad_to_deg">
   <global></global>
   <equation>return value*180/3.1417</equation>
  </snippet>
  <snippet name="remove_offset">
   <global>var is_first = true
var first_value = 0</global>
   <equation>if (is_first)
{
  is_first = false
  first_value = value
}

return value - first_value</equation>
  </snippet>
  <snippet name="yaw_from_quaternion">
   <global>// source: https://en.wikipedia.org/wiki/Conversion_between_quaternions_and_Euler_angles

function quaternionToYaw(x, y, z, w)
{
  // yaw (z-axis rotation)
  t1 = 2.0 * (w * z + x * y);
  t2 = 1.0 - 2.0 * (y * y + z * z);
  yaw = Math.atan2(t1, t2);

  return yaw
}</global>
   <equation>return quaternionToYaw(x, y, z, w);</equation>
  </snippet>
 </snippets>
 <!-- - - - - - - - - - - - - - - -->
</root>

